Type,Compression,TempsMoyen
0,9,0.4954399999405723
1,9,4.667539999718429
2,9,4.8199999997450504
3,9,4.774959999849671
4,9,5.293279999386868
5,9,6.416420000095968
6,9,5.702580000797752
7,9,6.1782500000845175
8,9,4.953179999938584
9,9,4.6977800000604475
10,9,5.572480000046198
